10724939,4,26,121
414305041,3,23,0
355777509,25, ,1057953
292667677,123, ,102
135423849,575, ,1
245765745,10,22,361
1, ,-7086,0
289663369,18, ,95
57062945,15,20,2
271629888,67, ,72
184732386,2,19,151
132011621,3, ,3978
421247879,11, ,134
1, ,445,204
385395291,14, ,0
38526387,9,20,1
261126015,6, ,106
247392018,2, ,57
215772257,24, ,280
383777291,1, ,204
311793996,55, ,314
376624030,5, ,0
28627427,17,23,3806
214050132,9, ,1802375
222461965,5, ,0
258001304,69,116,0
168908882,5, ,650
331619726,27, ,0
15686284,32,16,0
261064667,15,116,0
133659598,13,116,280
139780695,9, ,0
376851626,7, ,125
330716702,21, ,0
237280765,11,116,1937764
372223168,6, ,0
207684028,6, ,183
404573906,2, ,0
139116562,3,18,0
86082985,11,19,270
1, ,-1531,0
144324866,14, ,0
268691854,11,72,21686
344025957,9, ,2
199544784,21, ,14
377745051,18,26,0
305069445,1,17,0
57787416,60, ,0
221626274,28, ,0
1, ,-5478,0
125416892,5, ,0
206174933,6, ,49
364658314,17, ,1012499
337713481,4, ,314
356231467,1,18,44
94802916,18, ,0
2594587,13,25,2
237270599,11, ,0
164130014,1, ,2
420779380,1, ,0
49089070,1, ,1
285281345,13, ,528
34395220,7,99,1949250
221470531,15,17,155
1, ,-1989,0
205122889,1,17,584
279150811,24, ,0
145607529,11, ,123
249890165,12,15,167
340894220,3, ,32
168539630,9, ,deleted
1, ,-3912,0
380440198,25, ,0
148218302,11,21,146
151193814,18, ,1
324134174,1, ,0
17636835,7, ,398
419089536,9,116,0
9900610,4,26,2
12765929,15,24,0
350887310,3, ,88
154951181,24, ,0
346415425,2, ,5331
215823877,4, ,0
417166092,4, ,0
41346296,5,22,1
234555461,3, ,21686
225188741,9, ,1908812
313732519,14,19,134
247789364,1, ,0
323607596,3,21,0
155751747,12, ,0
142547187,13, ,2
154709041,2,17,56
229557391,4, ,19
1, ,443,122
288426346,6,100,0
152162574,6,19,72
123276042,21, ,110
149073969,6, ,1035195
152971945,8, ,112
261135166,4, ,0
1, ,1345,2
253884560,5,15,26
420270389,548, ,0
160626984,10, ,56
186386912,49, ,72
1, ,1045,2
395441813,22,19,3810
154134550,14,112,1780
1, ,-2542,0
255768347,20, ,62
1, ,-747,5040927
238538038,7,27,14
353060599,1,57,1
339528278,16,20,25
193290694,13, ,1511653
155775148,32, ,0
293818262,1,116,49
420910875,8,116,0
1, ,847,1
164111471,7,16,794
99339311,26, ,650
393016342,3,14,314
87956369,4,23,282
68166891,9, ,60
21604073,5, ,1
196857143,9,17,37
96010582,12, ,0
397394487,1,116,1711731
374900557,2,101,2182
332551295,4,15,21110
133580115,12, ,244
117493679,8, ,761
291139611,4, ,1
152514442,17,15,99
180673238,3, ,1704290
1, ,1785,0
107526230,34,18,1054308
362615997,13,19,112
389957263,38, ,0
320324109,9, ,deleted
400525131,25,103,1914789
392771588,21, ,0
187115299,7, ,6823
388382895,10, ,0
1, ,1551,0
192362955,5, ,1
372902052,4,44,1406
177031084,42, ,15624
72565672,10, ,1017
172554366,7, ,2
267218749,29, ,119
286823325,21, ,1705677
99163801,11, ,0
210064151,2, ,0
196470602,2, ,0
22545369,6,25,97
244197502,5,116,280
375575700,37,17,0
1, ,-4459,6276
105427869,7, ,314
170520773,5,20,2
155967341,14, ,1
93741658,3,21,17790
1, ,-868,280
185011967,29, ,2292
175578332,11,21,72
273272760,9, ,2
32495312,9,27,112
121425258,22, ,458
215194084,4,15,2
166262069,12, ,147
340187463,66,116,378
271144525,33, ,0
117892272,19, ,25
389995317,2,15,0
200373649,7, ,3837115
419916239,12, ,1901719
355147029,10, ,314
55860665,11,18,1
10007555,9,23,1
200477990,4,14,0
235172665,4, ,0
93212577,25,20,280
148585687,17,19,41
396203067,7, ,171
165255728,7, ,248
319376984,23, ,295
16646931,14, ,0
78124810,22, ,2
54622565,7, ,1901501
199673379,22,17,81
176843305,12,19,280
271133962,7,22,0
174342998,40, ,1
300910945,4, ,0
16540136,3,26,2
397270763,27, ,0
184364684,20, ,1
86607148,4, ,314
205203035,3, ,0
164743751,9,14,151
177321923,26, ,2
1, ,-2857,0
318738487,3, ,1
1, ,-5417,0
261450134,18, ,66
10876457,10,33,64
146261471,7,24,1
88870136,2,19,0
325280149,14, ,0
222383631,6, ,4051502
194365151,6,116,158
157744118,2, ,1914764
368067845,23, ,0
173747156,6,27,0
147890894,7, ,143
7331871,9,100,0
8113604,17, ,110
186894296,6, ,56
354676259,8, ,0
180030033,5, ,0
271539093,2,19,280
56222023,54, ,0
5941342,15, ,49
15022535,3, ,1
325235099,4, ,0
233015380,8, ,0
168312348,11, ,0
1, ,-983,0
303589788,7, ,160
1, ,-7044,0
189339917,6, ,0
230708715,8,19,1536
206887891,7, ,0
357030679,5, ,0
193296423,2, ,0
311100940,99, ,292
208636995,4, ,728
1, ,-2641,0
76036600,7,24,270
221347063,7,16,144
1, ,-3748,0
408346017,8,18,1
208488424,3, ,0
153096868,2, ,2
191335896,16,18,0
80691075,16,19,483
177627745,11, ,1602
146179570,3, ,0
245328495,5, ,1581
10307201,11,28,314
342004265,2, ,61
43106409,26,21,1581
35265701,29,21,73
1, ,1467,0
355311821,8, ,292
384413013,12,27,2
352815540,7, ,73
34401289,11, ,859
145688625,15,20,108
1, ,-1961,18639
169685604,4,116,952
219353832,2,17,49
274468066,7, ,295
374382269,16, ,0
395231762,4,16,1463
365404310,9,116,552
398171968,15,15,0
67840138,35, ,0
31941199,25, ,1510621
36470118,17, ,1
1, ,-577,0
272618939,19, ,72
100129028,16, ,183
236718806,3,15,0
1, ,-4143,2
328370772,20,15,2217
391683232,22, ,banned
146780396,12, ,0
337582593,11, ,0
145143951,9, ,66
410255382,13,15,1715142
294762779,5, ,458
252030396,8,15,125
88545208,23, ,14595
1, ,-3029,0
162900694,2, ,0
286473361,8,19,149
1, ,-3852,0
1, ,-2195,0
197479476,18, ,0
204685509,2, ,1950030
420402039,9, ,0
186381984,2,29,185
389998684,13, ,0
205053084,3, ,141
163904809,4, ,2110
208460110,2,116,1
6401723,6, ,0
165219533,6, ,501
378743556,6, ,0
1, ,-6934,2
1, ,-7225,0
202892297,4,21,183
332432030,13, ,1
151923070,2, ,2
202174592,22,21,1
175294211,3, ,0
361237027,29,26,1
218609019,4, ,1922897
324607091,6, ,0
236669220,10, ,0
313104167,6, ,1058184
172063749,7, ,8854
213787237,4, ,1017
164291773,14,25,1937336
350484169,3,17,2
305305941,16,18,0
21718137,238, ,1
311371372,5, ,706
162774938,6, ,6350
3910886,3,23,2
1, ,-3672,0
173982207,5, ,7279
1, ,-7312,0
33020048,8, ,8
210836123,7,116,0
231692161,11, ,314
250877267,15,21,1957236
414942814,13, ,0
361393948,5, ,2886
139582378,14, ,0
273947461,16, ,3700
379106543,6, ,0
1, ,-5817,0
380291080,9, ,0
292546618,10, ,8833
223496721,4,114,72
140896988,8, ,314
296039167,7, ,1
192147515,28, ,0
186267931,39,20,164
198838939,5, ,70
401703140,5,16,0
295542798,11, ,0
305493226,1, ,20957
378080016,22, ,0
229540494,8, ,282
101239756,69, ,106
226366480,11, ,75
29529714,1, ,314
227013716,6, ,0
280670593,13, ,0
257645157,11, ,1
294775827,13,71,0
390801587,5, ,0
272912616,7, ,0
220540272,14, ,1
370904159,2,31,1112433
295975596,14,15,1908812
105805715,12,18,314
141567863,17,22,953
392232474,17,14,4892
194243491,6, ,26
253610854,31,20,1
231150672,8, ,2
113660071,16, ,121
349419319,36, ,0
338179648,10, ,161
361110897,16, ,0
145081119,14,19,37
79471640,4,21,56
88732017,6,15,1502941
1, ,-3592,71
16447340,18,24,1
386727399,2,40,1057
171612262,8, ,banned
173595045,5,16,183
387458348,7, ,628
313849105,15,93,1057
216502303,8, ,1
370190544,11,116,92
228523439,1, ,81
378831666,4, ,72
1, ,-7230,0
331304811,3,17,49
143924446,23, ,0
65539989,20, ,314
81743581,3, ,2
22317968,23,22,0
261043525,17, ,0
412501265,14,62,1679
63055463,5,17,2
49478801,3,25,0
153092116,7,18,51
1, ,-2998,21910
240818429,6,22,134
226345314,6,116,282
418294740,19, ,0
387149115,14,14,144
185134855,5,19,1
1619196,16,26,1
1, ,-1099,0
199501877,6, ,2
362109242,11, ,2
173274858,7,110,0
416699691,4, ,0
406103960,1,22,106
1, ,-5307,0
1, ,-6850,280
169064320,2,16,104
174846975,8, ,0
265493255,22, ,3263
385915778,12,19,0
346549425,2, ,114
421240240,6, ,0
316052792,7, ,72
380263064,13, ,4902
298780337,5, ,1
213088139,20, ,99
310561934,4, ,0
158768306,2, ,9702
55727724,11,18,1
1, ,-7553,1905639
1, ,-159,8496
275432781,9, ,216
347317562,11, ,0
386055771,13,78,292
1, ,-3807,0
1, ,-3331,0
407685297,1, ,1912463
417582676,17, ,4924687
420854244,11, ,0
215052363,19, ,183
277672436,1, ,71
406564054,22,48,0
22311248,20,21,1
399864460,1, ,573
118098317,14, ,0
353405931,6,19,0
254213424,10, ,628
370386765,8,30,82
70320960,16,21,455
382551649,25, ,1
1, ,-6119,49
419332896,21,21,0
161292862,21, ,141
279898074,22, ,167
227131187,13, ,0
402093647,7, ,0
322662491,7,78,1
1, ,-2144,49
277662296,4, ,123
136222906,3,20,1
47917045,13, ,282
170464243,10, ,3170
92951889,8,23,147
126640117,7, ,1
26033061,10, ,0
161772388,3, ,1
310905631,10,18,99
386841036,3, ,0
411345263,12, ,0
326902378,7, ,2
306681417,59, ,23
161846957,27, ,49
220920199,7, ,2203658
56721340,2, ,123
38572506,28, ,314
198720340,8, ,169
161033382,14, ,314
239474307,6,17,49
23964376,10,96,314
232652317,2,16,365
45781164,11,25,110
144833726,16,22,0
204643287,8, ,1
178106998,13,15,27
223411991,5,19,7076
398927065,4,17,1517767
248676304,3, ,0
155687570,16,18,155
277642050,8,100,4652682
144433252,18,116,2
18376994,11,25,0
197088175,5, ,0
159912763,17,19,26
190436818,5, ,99
253206157,36, ,0
227127951,11, ,57
181928699,25, ,0
378782523,8, ,706
413905194,13, ,0
144533625,8, ,628
419690659,11, ,1386
274448395,4, ,183
390613953,14,71,2
417879905,10,35,85
217933360,16,19,72
295672089,3, ,1
184300739,4, ,1
245178510,10,18,4757
400734461,6, ,2
319959431,1, ,1904869
300665408,11,17,103
389523106,19,15,0
1, ,-500,0
1, ,-4649,1998
367283512,11, ,0
292878262,54, ,1
185394550,14, ,119
109332543,3,20,104
405744827,2,35,161
335744599,3,110,2702
156635085,2,20,144
267418392,34, ,2
320048807,4, ,26
336763685,13, ,0
338311021,4, ,0
226851947,6,15,2
125530383,14, ,57
191908299,17, ,116
311374124,3,15,799
265550703,6,23,374
393412901,1, ,0
267745505,4,17,0
304234083,12,15,0
207002046,8,14,0
333438364,9,20,0
333396706,29, ,1
319295007,11,18,0
209443249,2,16,136
101513378,102,23,72
1, ,-3263,1
9336625,7,26,205
134699839,9, ,282
122582827,6, ,650
34171019,6,25,1122529
1, ,432,0
2478704,8,26,1
368415587,10,87,1
216083891,19, ,0
397783198,15,15,0
230701587,9, ,169
98626008,6, ,88
1, ,-1383,314
168761442,12, ,0
233688789,5, ,183
144277648,19,21,25
28073113,4,21,1
283462579,6, ,0
336136524,6, ,0
369620500,102,17,0
220143366,4, ,0
357823633,19, ,1
177887688,26, ,0
233040507,1, ,0
138002053,10, ,0
1, ,-7518,0
189551976,5, ,14
403115829,13, ,0
246708763,10, ,7279
157565216,5, ,0
68921291,7,19,157
153889898,7, ,1343
164921465,1,20,0
126778059,11, ,119
369484771,7, ,2
416975950,11, ,5331
213192245,4, ,99
330551337,21,82,1
1, ,-128,123
168259366,12, ,322
354585220,22, ,1937764
164118349,9, ,159
284272255,16, ,49
185910096,2, ,0
171520974,6, ,0
189929169,4,116,1504895
269846435,5,101,44
260929773,9,23,0
53425886,6, ,0
19717069,4,27,1
362996767,4, ,0
239905275,12,22,72
221956735,10,14,85
77071322,5, ,0
159187550,4, ,0
136286724,22,115,246
138151763,11,25,0
1, ,-805,584
202485979,22,72,110
183017202,3,116,0
364332552,21, ,0
152846568,5, ,1
383048853,6, ,149
376593566,3, ,0
307596843,4, ,18180
345648151,2, ,0
326771043,11, ,0
374338971,17, ,71
335246650,4,16,22
180114830,7,24,73
387969016,7, ,2
282499050,13, ,906
252377533,9, ,1142
114788470,6, ,95
368507826,5, ,0
185687946,2, ,81
75531622,3, ,95
219554025,6, ,7159
1, ,-2611,113
230941979,22,100,16503
331107690,3, ,649
312782554,4, ,0
167661348,9,16,1922897
227038412,4,22,0
156702031,12, ,71
255902493,13, ,3837115
307355917,4, ,15043
1, ,-5940,33
278004018,27, ,1
117740889,9, ,0
269525913,31, ,1
37143430,2,19,119
61497444,8, ,99
399115911,5, ,53
137540201,23, ,1057
126511162,14, ,144
1, ,-2398,1
173011021,18, ,110
415254856,4, ,0
91562771,5, ,10
151573238,5, ,0
216533540,15, ,0
353311628,11,16,2917
167844385,11, ,2066
152523641,17, ,0
170526166,36,21,23
212914489,9, ,0
214419622,30,17,10406
171379995,6, ,0
397206790,10,14,295
201475912,17, ,223
199100350,7, ,1679
221067616,3, ,2
290405130,2, ,0
148369572,9, ,185
416842999,10, ,banned
1, ,-7647,0
7433629,9, ,314
362913422,5, ,144
203401736,9, ,0
167729788,27, ,8496
349368616,10, ,6254
192600051,11, ,1
180301379,4, ,33
218874713,8,18,56
381622492,5, ,0
57302510,2, ,0
183797785,4, ,95
82522045,13,20,761
217884803,2, ,0
184387695,11, ,0
377954775,5, ,0
210810595,4,18,2
139882917,6, ,1067969
167498582,24, ,1
415936298,17, ,0
415454765,4, ,0
272808561,10, ,deleted
93496848,14,26,25
109589812,3, ,1
276572310,56, ,0
381618594,4, ,586
315424839,3, ,0
13031248,1, ,0
329574886,1, ,102
140720770,12, ,2210985
122691027,18,20,95
202921542,4, ,0
294121172,35, ,1006
180258237,7, ,1
133974965,60, ,149
183387919,21, ,49
410362584,15,112,35
141962194,3, ,1
225246232,3,22,2747
252935936,14, ,deleted
210091443,9, ,1
1, ,848,0
391183652,21,21,0
208267412,12,17,17150
1, ,-1755,0
329280851,9, ,3837115
180087266,6, ,158
38239170,4, ,699
284102722,3,22,204
420068063,4, ,banned
377091015,5,116,73
383239544,5, ,2
132801029,20, ,728
296053424,2, ,2
30649000,23,25,0
1, ,-5047,0
333250782,14, ,1
1, ,-88,0
318633517,38, ,0
83648033,8, ,1
371726563,1, ,0
392958713,9,17,38
205177630,23,15,0
147493797,3, ,314
398858179,10,17,0
139574921,7, ,2
1, ,331,1901719
186997565,14, ,1
1, ,-6893,23
151054415,4,17,1449
290134067,6, ,144
1, ,-5318,0
229558030,3, ,0
361382491,11,112,0
268237509,2,15,2
160859180,3,18,1515802
60130476,8, ,0
172231419,2,19,953
366427685,9, ,0
228554443,14,20,150
353474459,18, ,1
1, ,-2496,295
353534834,2, ,123
1, ,867,0
68413304,4, ,1
85386790,8, ,4316
306133874,22, ,0
15532797,7, ,0
116309795,30,20,125
230305330,3, ,119
327041626,10,23,1017
361625589,13, ,2805
164896986,3,19,0
365332203,17, ,0
291576375,10, ,183
99705916,7, ,109
47894580,14,20,709
171596883,17,17,42
419415244,5,22,0
365278487,8, ,3090469
362595860,5,72,0
133399705,6, ,133
383879424,17, ,0
215853100,13, ,110
63663591,9, ,1581
250643496,10, ,134
215647392,8, ,5915
271569356,13, ,57
11875374,13,26,56
420233316,6, ,0
138773160,8, ,151
155051314,30,17,71
299959139,11, ,715
214125551,2, ,10
243634667,3,20,87
321263154,6, ,0
47491519,22, ,0
304610443,14,19,292
171897730,6, ,392
406992317,103,112,5017156
419916880,5,31,0
6140224,17,14,1055710
1, ,-7594,2
409327631,40, ,0
30421986,10,108,60
115152158,6, ,2539
1, ,-2042,160
112141761,1,112,2
1, ,-6915,0
342861845,33,19,295
203666848,42,29,1
349371149,16, ,621
332598277,7, ,1956481
163634478,8, ,2
248736139,9, ,0
167714536,17,62,0
383406294,4,14,1517767
375205837,10,19,2
15970161,6,24,117
173037718,6,15,19885
222486720,5,18,1
226968343,1, ,2
139748968,21, ,276
338555370,6, ,1
226966460,70,17,1
186106237,6,114,0
350396281,2, ,2
173738078,10, ,25
352220808,10,116,21110
232443585,5,20,2
217588907,18,14,669
1, ,-6634,119
319686845,15, ,8115
224936159,12, ,21713
416117557,4,21,0
66156603,10, ,2210985
96716151,7, ,314
292255651,6, ,21566
150497819,27, ,314
344794942,2, ,1
1, ,-2676,1914764
211192082,19, ,0
30050976,13, ,444
196393945,8,21,273
404262690,22,14,2091
415372887,8,16,0
60970586,15, ,0
72020473,21, ,2
60686235,22,116,0
418788864,3, ,21910
373099113,7, ,2
138584336,10, ,0
338029282,6, ,1712003
298593144,4,22,4250
26828214,2,25,55
38962453,7,17,274
65541402,8, ,151
1, ,642,144
1, ,-1796,295
170262872,5, ,314
205336149,4, ,42
242416170,7, ,0
366187386,9, ,0
238523039,47, ,153
121142235,5,76,458
244603178,3,19,1
362604356,5, ,60
104047120,24, ,314
347838522,9, ,99
337930973,17, ,0
1, ,-1502,9966
413884743,7,19,0
347522485,4,65,0
390340052,12, ,0
390684919,14, ,4513
50593965,14,25,123
132365514,38, ,1
231509093,2, ,0
293842363,45, ,104
13884802,7, ,1
418140681,3,110,392
53002288,13,23,110
319112578,14, ,21118
92728698,19,20,0
278255596,2, ,2702
282271007,13,21,0
294402213,6, ,183
373291706,22, ,0
209413691,47, ,280
212141138,8,14,204
24721065,19,23,0
178141191,12, ,104
11457239,18,23,377
343632501,9, ,0
1, ,-7095,0
410123827,8,16,55
1, ,-7264,73
120357639,15,17,266
232420593,12, ,0
1, ,-3067,2
251980718,8,16,110
146497055,5,20,0
60119797,19,43,2816
208266058,11, ,916
168740750,4, ,0
254820613,4, ,3193
19231936,10, ,banned
173158187,19, ,42
338005597,7, ,2
394600586,20, ,0
170506735,4, ,1
140375838,6, ,0
132968608,11, ,98
144865240,7,17,8171
268473381,22,116,699
380887788,4, ,42
283594643,10, ,0
322768624,3, ,1951986
192185425,7,17,147
257076382,1, ,1703289
251992129,8, ,168
139897934,21,16,2203536
218880441,5,19,122
180595045,4, ,1
57631854,15, ,62
358107817,22, ,72
226143546,4,17,314
69304992,9,20,2
325829386,10,107,1914764
317125196,14, ,0
309361530,6,15,1051021
1, ,1867,0
134478546,18, ,5331
28339715,21,27,95
246138581,5, ,0
204920487,18, ,73
137288589,5, ,0
183269651,24,116,119
319631828,16, ,33
1, ,253,105
387106151,3, ,deleted
294343471,25, ,295
278670719,4,15,0
213469492,15,20,1581
392595167,10,20,0
240497554,11, ,18033
404162432,3, ,1925340
1, ,-4731,0
81119776,6, ,628
134875700,1,19,42
262778452,7,27,1
362341971,9, ,21118
338725062,59, ,72
379789718,16,19,455
372371064,14, ,0
413037281,4, ,314
152876457,4,116,2
267280976,4,19,2163
134524540,4, ,0
56173441,3, ,0
358707883,14, ,0
1, ,-4315,0
142421359,2, ,1
1, ,658,0
30767986,14, ,0
136752651,4,21,22022
37407440,7, ,60
420199335,9, ,0
43446990,9, ,427
306636307,32,16,99
1, ,-2047,0
304618,23, ,banned
300352147,15,17,3836822
393157105,5, ,0
280370850,23, ,0
142214842,27, ,0
397524101,9, ,0
294047985,14, ,0
187878892,33,115,57
293730090,7, ,119
1, ,-5194,1914764
225690572,22, ,0
100149219,17, ,56
146813382,23, ,455
11575585,19,21,183
226618844,10,112,273
1, ,404,1
312659259,14,21,138
187181256,10,105,37
72273938,9, ,2722644
315402102,17, ,0
418088082,7, ,0
103552474,4,19,17548
169817111,25, ,650
180852404,17,97,0
317051999,6,16,0
220742793,1,21,3837115
346855810,7, ,0
302571335,5, ,0
1, ,-2096,0
179299342,1, ,185
255771478,4, ,0
327964933,16, ,0
152695624,4, ,71
228393675,9, ,1517767
257775985,6, ,20436
345850903,13,16,7279
256639527,47,18,204
200813651,6,21,2202278
373654055,9,17,147
410909597,19, ,0
9560476,18,23,1
245795506,23, ,2066
321458097,3,22,1679
7499047,10,27,119
367852354,8, ,1679
1, ,-5128,980
1, ,-1150,106
201701976,3, ,0
230808862,12, ,0
165875888,5,21,650
171503197,4, ,0
342368473,8,26,0
142357301,9, ,1
135899597,9, ,0
20070389,9,23,94
362009864,9, ,61
280529447,10, ,2
157187777,3, ,0
1, ,-7179,0
397827996,4, ,2
222215307,22, ,72
271435691,25, ,1042123
3173593,10,31,1
90506763,10, ,0
214678649,9, ,0
195136458,10, ,427
40336830,24,116,1
34198372,8,20,0
235855742,8, ,158
343227426,8, ,153
263962826,4,106,0
87355989,20,19,1057
152716558,8,23,90
219780546,8, ,312
402232036,12,97,0
224142126,51, ,172
107090147,43,114,2
334584093,8,16,0
361328605,6, ,91
204718362,6, ,0
299720813,2, ,183
248722093,11, ,1661
297454170,1, ,0
58719462,4, ,292
95263574,16,23,55
185716216,6,20,2
136493888,1, ,0
106688637,17, ,0
217676669,6, ,147
233021581,15,15,314
159460023,4,19,9800
213054890,16,98,273
82228543,17, ,1
355943780,25, ,68
170288076,8,18,1
369921021,16,14,119
84946143,22,16,10
188367168,10,22,1364
337994423,16, ,0
65849652,4,116,0
163004398,17,16,49
239975656,9,21,112
302091611,3,16,0
1, ,-1183,0
327887122,12, ,banned
1, ,-230,243
50179880,3, ,2
152437523,24,16,1677
414272898,22,22,0
205319540,3, ,35
297106636,3, ,1515864
224102611,7,112,314
205325024,4,16,0
361239726,4, ,0
13887185,5,26,3243
242541326,22,112,0
1, ,570,1
421282451,8, ,0
99701842,13, ,1
187301690,4, ,502
164655847,6,24,0
240422592,5,18,0
16042745,18, ,1
72443999,3, ,151
143963763,15, ,1
379994022,14, ,1945830
212538049,13, ,8350
316027292,13,21,25
326983877,17, ,140
120240768,13, ,2722665
235750026,9, ,21118
21893718,12,29,580
6302902,7,27,72
1, ,-6109,0
43906705,7, ,280
252519838,23,116,125
419514738,17, ,banned
386916329,11,37,1032
130053980,18,19,916
394605539,19,18,0
163096290,17,15,143
212902309,4, ,0
154650688,9, ,0
173191413,4, ,2
144666225,17, ,10
8891813,29,24,1
165267295,18, ,158
210281773,21, ,87
191355715,14, ,1
99498083,2, ,1
64466245,7, ,122
40832541,1,23,21611
42961822,4, ,deleted
106021809,244, ,0
167833079,4, ,1
13319259,12, ,99
4046534,5,26,1
80223606,10,17,110
177797429,12, ,78
235512953,7, ,0
243175353,9, ,427
420902027,9, ,0
252106691,5,14,104
294372184,12, ,59
126351744,7,20,95
282402748,6, ,122
216685717,3,18,830
219481571,10, ,39
222601388,2,22,2
179016420,31, ,1914789
75106993,13,24,0
422108954,2,22,1
155523109,29,17,133
403670622,17, ,121
1, ,-1324,1
295661195,20, ,0
407023431,5, ,0
243070608,6, ,0
412956678,16,14,0
231630601,8, ,1
230783517,22,21,75
179259466,7, ,0
180124979,7, ,0
231784192,2, ,1517
274450636,8, ,1710959
412301590,2,112,1924834
288659548,14, ,0
314211474,11, ,38
411966826,4,16,0
194112629,7, ,0
143578067,16, ,144
56493467,4, ,1
358232765,10,18,99
1, ,-2302,0
306560661,7, ,0
209520061,6,18,104
386088250,7, ,0
1, ,-5175,0
1, ,-7894,0
215105453,25, ,95
373599556,10,25,16087
61455539,17,20,20
375058818,15, ,0
299522691,1, ,69
155993942,3, ,1156
273481866,15,18,295
1, ,-419,0
7878540,22, ,314
51715133,16, ,169
286821722,4, ,0
134109081,2,17,280
1, ,1422,14179
1, ,-240,2
286035056,10, ,146
405785176,26,18,295
116224255,5,18,3170
98313133,14, ,392
158711645,15, ,0
182530852,4, ,1712003
271318384,1, ,0
1, ,1745,99
303471774,4, ,0
327576184,12,52,12903
270366389,31, ,280
45693864,12, ,761
320081548,11, ,1
265663036,8,22,0
155164019,5, ,25
91701114,3, ,1936136
380135510,4, ,0
246824036,6,17,71
241472633,21, ,3837115
396427486,11, ,444
169837563,3, ,374
364930855,19, ,1
295564036,7, ,0
363713338,13, ,1504799
1, ,-476,0
196685481,7,16,1
304962044,1, ,134
13004772,5,19,1
376489268,12, ,0
1, ,1071,1710959
146218614,50, ,107
241407255,8, ,1
308677878,9,18,158
250926454,1, ,1
256801388,4, ,133
215930375,10, ,158
420077282,10, ,banned
1, ,-4061,627
247040235,12, ,2
173226184,4, ,72
290957535,6, ,0
151036138,16, ,87
1, ,-7209,0
309467093,1, ,72
242914266,15,18,244
119935929,14, ,0
1, ,-5666,0
35161028,5, ,0
334621611,12,15,1053862
226937472,6,17,139
381489632,6, ,0
393879662,9, ,5709
195557264,9, ,1515864
150595222,6,116,1035195
374954846,14, ,1944918
833538,14, ,2
381665046,8, ,0
338441162,4,23,64
34275140,1,27,2
144886992,14, ,109
387230385,9, ,0
188445126,4,19,169
373365369,7,23,1908812
372065039,7, ,21686
251821773,9, ,122
414634916,8, ,0
281196377,13, ,1
1, ,375,0
155141542,4, ,0
224811364,3, ,1
346000914,23, ,0
228120471,9, ,0
62787252,7, ,5915
287282725,7,22,280
213037459,8, ,0
175366107,12, ,169
112686819,9,19,0
402470117,12, ,0
339321965,27,72,0
294561189,17, ,6037
24905292,10,24,321
111022457,47, ,148
242506953,10, ,0
212997794,4,17,3102
181812092,9,16,1
135861778,14, ,deleted
32538475,9, ,2
95491265,11, ,2
162415785,15,18,26
247898814,17, ,312
13690480,8,22,60
284211897,12, ,1958117
414667735,11, ,0
367125994,7, ,133
218396196,15, ,154
269433938,5, ,153
117768379,10,23,42
112607953,16,20,138
246862961,12, ,85
237798370,2, ,0
1, ,-4901,0
336438606,2,116,0
239232003,15, ,1581
303964994,5,18,143
1, ,-308,122
418199725,10,23,183
373655922,2,23,95
206682654,13, ,0
97951538,7, ,0
128049958,6, ,14
153007825,29, ,314
70212808,6,25,0
376192036,6,74,1803194
1, ,-3889,0
387200686,7,22,1945830
9116603,11,32,149
279565882,65, ,991
299617135,3, ,314
260565631,7,18,0
359134159,24, ,0
151142207,4,18,151
296120056,4, ,2
278780187,11, ,2
327177787,16, ,173
1, ,470,0
272375392,4,16,807
404235197,19, ,0
321082543,22, ,1
160117667,8, ,73
45446512,20, ,0
1, ,-1979,0
161349879,19, ,994
405833570,11, ,0
127506196,10, ,1
415624570,2,20,0
206429896,10,25,1
1, ,-3891,0
24972795,5, ,1
112440323,8, ,0
411754295,2, ,banned
148387802,9, ,49
186092096,28, ,15216
1, ,766,0
356720924,7, ,718
138134789,3,17,444
213542891,17, ,0
293720265,6,17,95
372000750,11, ,0
139549776,23, ,5648
287798164,26, ,0
176360349,62,18,205
157427496,6, ,164
390392117,7, ,1711731
414538905,11, ,0
283774678,8,116,1055710
346765718,21, ,21686
197710972,8, ,42
286749218,24,21,282
236630218,8, ,314
1, ,-5109,0
392301608,13,48,0
341283990,19, ,144
387874108,4, ,deleted
51884051,5, ,1661
1, ,-7717,0
85546109,25, ,49
227503078,31, ,377
34040225,19, ,60
33903041,9, ,72
206487890,12, ,124
246022208,12, ,282
148120110,5, ,312
407154069,10,19,2
385082979,6, ,0
169420892,3, ,0
127430837,13, ,1908812
189418788,3, ,161
185024437,3, ,0
286409805,4,20,1
232449948,6,29,8436
174259466,5, ,458
1578955,5,27,2
1, ,-2381,0
183533322,9, ,147
301495901,10, ,1915143
183822443,13, ,95
185433622,20, ,1
293869096,4, ,2
214553753,2,17,0
154028085,4, ,0
233808425,5,19,0
206459481,6, ,1914764
91257531,6, ,157
368374432,3,116,2722617
98107339,4,24,0
221335038,27,28,552
234456435,3,17,0
300402999,5,20,41
139189896,7, ,1017
385099765,9, ,72
257072689,10, ,276
301020488,8, ,859
222915648,8,24,377
4948551,5,16,49
326457885,5, ,2210985
16897294,49, ,2
221441498,19, ,0
136945615,21, ,185
333201063,27,99,762
185353506,8, ,57
161801816,8, ,1
302600894,17, ,49
413715322,23, ,0
157522522,3,116,0
1, ,1644,0
1, ,-7584,25
216072227,2, ,0
53801464,28, ,0
380842176,5, ,1713823
141766728,19, ,0
259900208,9, ,0
186040860,18, ,292
1, , ,0
27756118,22,25,49
320863564,21,116,1102561
235486737,47, ,1
84844546,8,20,1057953
56685145,11, ,78
399947362,7, ,0
230721764,14, ,0
17905743,19,24,96
112562952,14, ,8830
221419805,2, ,0
239329069,5, ,627
243653796,12, ,0
1, ,-3257,0
1, ,-4437,0
145096988,2, ,1
289534543,4, ,1
1, ,-1732,0
106717220,4, ,650
146282095,2,17,314
399868769,4, ,0
256002764,5, ,0
204009051,22,116,0
1, ,-7830,1
322023857,3,70,0
336680639,28, ,0
151052569,1, ,2
165713460,1,19,106
172569669,8,17,282
293099534,29, ,1905639
65816866,23,15,859
121918297,14,21,2732
192948865,14, ,1
314887210,6,19,0
69243450,12,19,104
31908505,9,26,1957236
220472198,4, ,1
169904829,8, ,1
5768976,7, ,1
165771739,6,19,3985
219581223,18, ,5333187
1, ,-954,0
135559240,6, ,26
420777366,16,111,0
319856911,9,15,2568
1, ,-1238,649
300044913,4, ,147
397250172,3, ,280
284650566,4, ,0
5519645,1, ,0
419927276,5, ,0
12932795,7, ,72
167696273,8, ,0
175192008,20, ,1920563
171332991,5, ,0
167112226,4, ,0
5766002,9,30,82
249256303,10, ,1
157772675,7, ,0
83161188,18,19,1
199462581,11,17,133
102335411,19, ,1
180483747,2, ,0
1, ,137,0
319581994,7, ,0
201944105,2,18,2
390607463,22, ,0
236409446,8, ,33
310140365,4,116,859
388415947,4, ,10418
108593341,10, ,3837115
316118174,7, ,1
372050636,3, ,1140180
313337904,4, ,0
415953413,12,14,104
159212269,5, ,99
153183699,8, ,78
209923115,29,16,24
291629499,5,15,0
153742091,11, ,36
255938403,3, ,0
60403085,3, ,1
1, ,-3591,0
276446195,2, ,0
351702131,20, ,0
87698450,11,15,0
352492753,10, ,1951986
52406450,5,18,106
60264815,13,19,628
202706390,4,23,1
66290835,49, ,73
255401681,18,19,1
208644871,7, ,151
270703937,23, ,0
63802701,3, ,149
374863282,6, ,158
241232403,12, ,123
356905472,8, ,0
320244885,8, ,0
1, ,-1490,0
228169134,7, ,146
205727935,11, ,0
345239960,2,19,14
176548137,2, ,153
181890324,11, ,0
347497787,19, ,3255
146666346,7, ,0
1, ,-1630,0
353100214,6, ,292
151017235,2, ,93
84624870,3,20,0
383691609,20, ,2
257257124,10, ,0
118578408,6, ,276
1, ,-6596,0
134914473,7, ,627
22338540,13, ,187
256804639,16,75,0
336200067,4, ,0
421567519,23, ,0
339363167,11, ,0
277811856,5, ,0
166411040,12,22,185
1, ,-5022,51
158404522,18,16,1
414038797,6, ,183
269052547,4, ,2
414315262,12, ,0
245419078,12,14,1803
125673317,2, ,1908943
147344037,9, ,0
71939692,47,106,158
267229121,36,44,3837115
247548613,12, ,543
160792464,3, ,1938443
185412484,4, ,3260
28769472,24,20,125
66542476,1,19,95
419663422,10,26,0
381797602,12, ,1
345574941,12, ,0
152366200,5, ,0
253579822,21, ,314
418526630,3, ,314
381997776,4,15,460
